lake_zone_ID,ProvState_lake,Lake Name,Latitude,Longitude,Elevation (m),Surface Area (ha),Max Depth (m),Native,log10(alpha),beta,W500,K,Omega,Eggs_kg,L0,L50,L Mean,Linf,L Max,t0,A50,Age Mean,Age Max,Abundance (N/ha),Total (kg/ha,A
1,Alaska,Butte,63.18966389,-147.8588722,1022,318,24,y,-6.634,3.605,1.246771498,0.098747105,61.92994507,,130.490183,369,364.8162242,627.1570703,845.7028814,-2.362372705,8.5,7.061946903,19,13.96226415,,
2,Alaska,Chikuminuk,60.22289444,-158.9789694,182,10043,,y,-4.486261998,2.812,1.268357421,,,,,,,,,,,,,,,
3,Alaska,Crosswind,62.34990278,-146.0617667,644,3232,37,y,,,,,,,,,,,,,,,,,0.198267327,
4,Alaska,Fielding,63.17029167,-145.6820944,906,536,23,y,-5.799,3.342,1.663250852,,,,,448,471.5866888,,681.6171214,,6.9,6.537634409,13,1.115671642,0.208208955,0.096
5,Alaska,Glacier,63.11815,-146.2622972,1124,172,27,y,-5.834,3.263,0.939158999,0.175402768,86.40077071,,64.74352856,375,400.9058902,492.58499,750.5843767,-0.803375603,9.2,10.2635468,33,15.61627907,,
6,Alaska,Harding,64.42157778,-146.8508639,218,1000,43,y,,,,,,,,,,,,,,,,,0.0918,
7,Alaska,Indian Pass,62.82136111,-143.9430806,970,,,y,-4.499,2.783,1.028569216,,,,,,,,,,,,,,,
8,Alaska,Island,68.52339167,-146.0617667,881,62,14.5,y,,,,0.142081487,81.21130785,,136.7103931,,392.8678644,571.5826147,654.2266889,-1.923943729,,7.5,16,0.435483871,,
9,Alaska,Landlocked Tangle,62.99927222,-146.0532611,872,241,39,y,-6.754,3.64,1.175576283,0.091948752,47.89608854,,147.3607097,357,389.2481483,520.8998219,883.93239,-3.616525711,10.1,12.14728682,26,14.24481328,,
10,Alaska,Louise,62.33383889,-146.553725,720,6519,51,y,-5.831194987,3.280829997,1.05600692,,,,,,587.3357747,,1009.410182,,,11,30,2.499156312,0.175885872,0.225083502
11,Alaska,Naknek,58.67720417,-155.8940833,10,58402,,y,-4.651582614,2.83267569,0.98565313,0.108654168,78.25808617,,41.5564566,496,557.0754836,720.2492791,700,-0.546953199,8.729462919,14.83585691,34,,,0.090604027
12,Alaska,Nuyakuk,59.95830556,-158.6725667,92,14400,,y,-4.429803715,2.812,1.444441431,,,,,,,,,,,,,,,
13,Alaska,Paxson,62.89443889,-145.5319083,778,1575,29,y,-5.017,2.983,1.081502488,0.167369857,113.242057,,168.4742098,362,598.3074224,676.5976802,1074.802024,-1.710895635,5.4,11.33248082,33,28.95301587,0.257142857,0.185352684
14,Alaska,Round Tangle,63.05573333,-145.9890333,851,160,30,y,,,,0.140371008,93.26396736,,48.63274652,400,459.1859828,664.4104698,911.2271505,0.503251317,8,9.65625,23,,,
15,Alaska,Sevenmile,63.10040556,-145.6203417,975,33,12.5,y,-6.159,3.439,1.326654532,0.449542165,217.3071678,,112.8316574,386,364.3500945,483.3966305,610.3734859,0.46666619,4.9,4.598726115,15,25.57575758,,0.304
16,Alaska,Skilak,60.42269306,-150.3091194,59,9920,161,y,-6.471395275,3.535703649,1.178590179,0.150365368,68.70035902,,60.06446415,332,359.4068019,456.8895081,558,-0.937357443,7.938632864,11.41306143,36,,,0.127413127
17,Alaska,Summit,63.12291944,-145.5553244,978,1650,91,y,-4.722,2.913,1.380700947,0.197822906,125.1420477,,8.885544476,396,489.6586018,632.5963471,962.5153316,-0.071507052,6.1,9.772727273,36,,9.21E-02,
18,Alaska,Susitna,62.41666667,-146.6333333,720,3816,37,y,,,,,,,,,751.6784713,,939.6034401,,,13,18,,0.147903564,
19,Alaska,Tangle,63.05573333,-145.9890333,851,620,30,y,,,,,,,,,,,,,,,,,0.836290323,
20,Alaska,Tikchik,59.96608889,-158.3221861,92,5892,,y,-4.402008869,2.812,1.53990803,,,,,,,,,,,,,,,
21,Alaska,Two Bit,63.13357778,-145.643575,1006,109,23,y,-4.574,2.811,1.029922823,0.162352988,77.60711455,,5.008746774,343,400.6486125,478.0146981,506.0668355,0.064204001,10.5,12.84831461,30,14.87155963,,
22,Alaska,Upper Tangle,63.02759444,-146.0617667,868,140,30,y,,,,0.098326319,78.44866278,,40.50415298,400,434.4444928,797.839923,922.1423286,-0.529881231,8,8.125,23,1.507142857,,
24,Alberta,Cold,54.548777,-110.046123,535,35760,99,y,,,,,,,,378,,1026.089741,,,6.2,,,,,
25,Alberta,Lower Waterton,49.05040333,-113.87562,1274,150,150,y,,,,7.81E-02,117.1834998,,69.17721531,,,1500.703121,,-0.604371668,,,,,,
26,Alberta,Peerless,56.616667,-114.666667,692,8144.2,35,y,-5.589,3.194,1.075251839,,,,,,,,,,,,,,,
525,Alberta,Sassenach,53.220382,-118.387317,1883,8.1,16,n,-4.83086821,2.872896824,0.837517987,0.137049212,47.06091103,,70.30879642,208.3227757,225.9,343.3869513,371.729348,-1.671661663,5.258704594,9.233333333,28,,,0.144680851
27,Alberta,Swan,52.119872,-115.177763,677,200,12,n,,,,,,1872,,479,,,,,6,,,11.5,,0.49
28,British Columbia,Aconitum,59.40805435,-131.6066742,1225,187.3,27,y,,,,0.1,48.6,,,308,356.97506,540.1294269,752.772547,,10,13.27777778,32,,,8.79E-02
30,British Columbia,Atlin,59.58333206,-133.7833405,664,63454.71,283.464,y,,,,0.104,75.712,,,440,553.5563174,805.2665441,1123.814843,,8.950413304,12.06369427,34,,,0.149530998
31,British Columbia,Babine,54.79450833,-126.0278111,711,47900,,y,,,,0.116,88.74,,,,631.2504177,845.7028814,883.93239,,,12.16666667,33,,,0.183608162
32,British Columbia,Blue Swan,59.43527603,-130.2497253,1492,191.4093,43,y,,,,0.073,41.61,,,320,410.763771,632.3045891,785.5861894,,12.87251269,14.58333333,32,,,0.166004877
33,British Columbia,Boya,59.38260556,-129.0980278,675,,,y,,,,,,,,357,,531.3415816,,,5.1,,,,,
34,British Columbia,Captain,59.76111221,-129.7047272,954,189.4065,69,y,,,,0.195,78.195,,,321,358.7494974,446.6658992,659.7058438,,5.948654124,9.627118644,27,,,0.151160643
35,British Columbia,Carbon,55.97396389,-122.5702667,1025,,,y,,,,,,,,212,,555.7237021,,,3.2,,,,,
36,British Columbia,Chapman,54.94198889,-126.6812583,725,1019,27,y,,,,,,,,512,,716.6579361,,,12.3,,,,,
37,British Columbia,Chismaina,59.10735556,-131.8293889,775,641,29,y,,,,,,,,375,,659.7058438,,,8,,,,,
38,British Columbia,Chuchi,55.18329444,-124.5000444,870,,,y,-5.455,3.164,1.214901571,,,,,,,,,,,,,,,
39,British Columbia,Cold Fish,57.66666794,-128.8333282,1198,788,55.7,y,,,,0.096,70.56,,,346,379.2821855,812.9184701,883.93239,,7.241572731,6.27027027,23,,,0.261411133
40,British Columbia,Cold Water,59.25,-130.51,1675,248,25,y,,,,,,,,275,,566.4829187,,,10.5,,,,,
41,British Columbia,Eaglehead,58.54868889,-129.2487,1225,330,28,y,,,,,,,,357,,808.5460459,,,9.3,,,,,
42,British Columbia,Francois,54.02821667,-125.7133667,711,25400,243,y,,,,0.107,89.666,,,,738.678598,925.4165829,1091.142512,,,16.8440367,41,,,0.111405264
43,British Columbia,Gwillim,55.35562778,-121.3175389,975,,,y,,,,,,,,335,,952.0421346,,,8,,,,,
44,British Columbia,Inzana,54.96013889,-124.6417972,880,,,y,-5.571,3.21,1.237923234,,,,,,,,,,,,,,,
45,British Columbia,Jennings,59.66666794,-130.6999969,1158,940,27,y,,,,0.077,55.825,,,423,405.8470033,801.9868842,927.599343,,11.77671612,8.764705882,20,,,0.273828542
46,British Columbia,Kahan,59.28027725,-131.2283325,1325,190.4736,36,y,,,,0.069,40.365,,,324,321.6979987,648.7469908,862.0894091,,10.87723087,10.32786885,31,,,0.130351646
47,British Columbia,Kedahda,59.25917222,-131.5320472,1142,850,13.8,y,,,,0.074,68.746,,,453,542.2615155,1024.672649,851.1654714,,9.393629629,10.26470588,22,,,0.191687386
48,British Columbia,Klinkit,59.52381667,-131.0436222,1225,873,24,y,,,,,,,,554,,732.2007418,,,17.7,,,,,
49,British Columbia,Lapie,59.30984444,-126.2934278,1325,,,y,,,,,,,,287,,409.4383564,,,7.5,,,,,
50,British Columbia,Lincoln,59.78979444,-133.0108306,1325,118.24,17.5,y,,,,0.161,66.654,,,257,374.4873361,460.9742337,520.3543513,,5.106376865,12.2,26,,,0.107878361
51,British Columbia,Long,59.5569458,-130.9988861,1204,228.1632,17.5,y,,,,0.154,83.006,,,419,398.7474606,598.3074224,703.5200621,,5.967036981,9.111111111,41,,,0.129874392
52,British Columbia,Long Mountain,59.30089722,-126.6475611,975,,,y,,,,,,,,347,,634.1683132,,,11.1,,,,,
53,British Columbia,Looncry,59.09801944,-128.4006944,1275,694,73,y,,,,,,,,417,,685.9983678,,,8.9,,,,,
54,British Columbia,Lower Nome,59.7491684,-130.8869476,1166,69.0868,16,y,,,,0.101,60.398,,,435,328.5593907,662.9930779,599.4044554,,9.039079004,6.714285714,21,,,0.182739506
55,British Columbia,Melgard,59.18500137,-131.3055573,1204,122.4589,21.5,y,,,,0.144,69.84,,,357,402.6814008,539.0310394,829.3125938,,9.000035656,12.29310345,35,,,0.110884652
56,British Columbia,Muncho,58.98944167,-125.7787639,725,,,y,,,,,,,,457,,505.0775245,,,19.2,,,,,
57,British Columbia,Nome,59.6883316,-130.8747253,1190,1041.157,73.6,y,,,,0.095,50.16,,,366,410.0050856,586.2384772,632.3045891,,11.04606204,14.37142857,36,,,0.115730452
58,British Columbia,Plate,59.8993,-130.720994,1275,142,38,y,,,,,,,,354,,550.0137314,,,7.1,,,,,
59,British Columbia,Ruth,51.8281,-121.0586806,925,81,19,y,,,,,,,,324,,510.6833179,,,6.3,,,,,
60,British Columbia,Summit,57.82371667,-129.8301083,1225,,,y,,,,,,,,376,,490.8948572,,,8.5,,,,,
61,British Columbia,Swift,59.80732778,-131.8663056,1025,435,31,y,,,,,,,,378,,570.8737379,,,7.1,,,,,
62,British Columbia,Tagetochlain,54.00032222,-126.9893917,848.5,2690,60.6,y,,,,0.02,50.1,,,573,546.9130013,,1118.370244,,14.87207469,10.39705882,24,,,0.245458244
63,British Columbia,Tchesinkut,54.09999847,-125.5999985,760,300.4,149,y,,,,0.072,68.76,,,,644.1655427,1053.010123,905.7689821,,,13.32,31,,,0.179795715
64,British Columbia,Tetsa,58.443625,-124.6198722,1475,,,y,,,,,,,,320,,483.7467222,,,5.3,,,,,
65,British Columbia,Tuchodi,58.16824444,-124.5852056,875,,,y,,,,,,,,555,,788.2105708,,,9,,,,,
66,British Columbia,Tutshi,59.93333435,-134.7250061,707,5583,197,y,,,,0.089,53.934,,,382,461.7850735,671.7580947,975.6049327,,11,13.13157895,40,,,0.215895658
67,British Columbia,Upper Tootsee,59.85861206,-130.7430573,1110,1041.157,59.8,y,,,,0.18,73.08,,,319,381.3868855,452.1697376,456.5722369,,8.246872455,10.81632653,20,,,0.192832545
68,British Columbia,Witch,55.11723333,-124.5316278,923,,,y,-5.77,3.278,1.194603201,,,,,,,,,,,,,,,
69,California,Castle,41.22695278,-122.3831722,1660,19,,n,,,,,,,,,,,,,,,,10.29,0.84,
70,California,Tahoe,39.03139704,-120.0121467,1897,49469,501,n,-5.445786626,3.17941,1.365669452,5.16E-02,83.57621853,1417,51.02664879,592.9870138,533.3610116,1620.109253,1008.756016,-0.620361795,7.332414288,6.895304348,17,,0.270294497,0.482633127
71,Colorado,Blue Mesa,38.4695,-107.2067167,2294,3793,101,n,-6.008,3.335,0.984158311,0.099,113.949,,50.0426387,,476.3062554,1151,996,-0.449,,5.06192272,30,11.14,0.659777287,0.508355803
72,Colorado,Granby,40.15665833,-105.8584833,2528,2938,61,n,-5.771,3.279,1.199285669,,,,,,,,,,,,,,,
73,Colorado,Twin,39.08475278,-106.3499611,2806,,,n,,,,,,,,,,,,,,,,,,0.48
74,Idaho,Pend Oreille,48.166667,-116.333333,629,38348,351,n,-5.733302873,3.250616463,1.096512169,0.1644,144.672,1441.283437,19.38208292,551,425.8951136,880,1110,-0.13547,8.064012175,6.391175643,27,0.932382393,0.68,0.26
75,Maine,Auburn,44.14659722,-70.2544,79,921,36,n,-5.773,3.274,1.157251611,,,,,,,,,,,,,,,
76,Maine,Big Eagle,47.03986667,-68.53521389,175,3844,38,y,-5.436,3.156,1.207672936,,,,,,,,,,,,,,,
77,Maine,Branch,44.60058056,-68.56419167,71,1190,38,n,-4.92,2.964,1.201564511,,,,,,,,,,,,,,,
78,Maine,Clearwater Pond,44.72321111,-70.08131944,170,,,n,-6.14,3.402,1.101275442,,,,,,,,,,,,,,,
79,Maine,Coldstream Pond,45.26206389,-68.54811389,57,1468,34,y,-5.737,3.248,1.06968172,,,,,,,,,,,,,5.1,0.25,0.57
80,Maine,Embden Pond,44.94071111,-69.95112222,125,624,55,n,-4.832,2.917,1.098741435,,,,,,,,,,,,,,,
81,Maine,Great East,43.58461667,-70.98561667,174,719,31,n,-5.134,3.054,1.28426425,,,,,,,,,,,,,,,
82,Maine,Millimagassett,46.27897778,-68.79116389,223,566,20,y,-5.863,3.313,1.198636848,,,,,,,,,,,,,,,
83,Maine,Moosehead,45.65371111,-69.65089722,320,30542,75,y,-5.707,3.232,1.037698178,,,,,,,,,,,,,,,
84,Maine,Nickerson,46.09963611,-67.92665833,115,98,33,y,-5.876,3.307,1.120711438,,,,,,,,,,,,,,,
85,Maine,Sebago,43.85320833,-70.56229722,79,12137,96,n,-5.817,3.263,0.976650382,,,,,,,,,,,,,,,
86,Maine,Second Musquacook,46.63263333,-69.17480833,325,307,19,y,-5.747,3.265,1.161815227,,,,,,,,,,,,,,,
87,Maine,Spider,46.44980556,-69.21135,291,371,18,y,-5.24,3.094,1.290069755,,,,,,,,,,,,,,,
88,Maine,St Froid,46.96186389,-68.61983333,177,947,35,y,-5.001,3.007,1.302575193,,,,,,,,,,,,,,,
89,Maine,Thompson,44.07053333,-70.49363333,95,1710,37,n,,,,,,,,,,,,,,,,10.74,,0.67
90,Maine,West Grand,45.243625,-67.871625,92,5855,39,y,-5.151,3.039,1.125044869,,,,,,,,,,,,,,,
91,Manitoba,Athapapuskow,54.54068611,-101.6574056,291,25413,,y,,,,,,,,,,,,,,,,,0.895,
92,Manitoba,Clear,50.67630556,-100.0070333,615,,,y,-5.939,3.327,1.097673563,,,,,,,,,,,,,,,
93,Manitoba,East Blue,51.59651667,-100.917125,677,97,,n,,,,,,,,,,,,,,,,2.93,0.87,
94,Manitoba,Nejanilini,59.57921111,-97.68693611,265,,,y,-5.77,3.258,1.054980116,,,,,,,,,,,,,,,
95,Manitoba,Reed,54.61910833,-100.4372917,279,,,y,-5.892,3.315,1.135234457,,,,,,,,,,,,,,,
97,Manitoba,Sprott,58.36621944,-99.66477222,285,,,y,-6.131,3.384,1.005343547,,,,,,,,,,,,,,,
98,Massachusetts,Quabbin,42.38174444,-72.313425,158.5,99400,46,n,,,,0.226,133.8598,,119.8115684,,,592.3,,-1,,,,,0.76,
105,Michigan,Rush,46.88788571,-87.91023571,195,131,86,y,-5.276467073,3.081314593,1.096247428,0.110436706,57.13623978,,51.55755469,296,404.9144654,517.3663888,641,-0.950553371,8.157125045,14.2715469,31,,,0.121268657
498,Michigan-Minnesota-Ontario-Wisconsin,Superior,47.7,-87.5,182.9,8210262,406,y,-5.926054403,3.315986229,1.054880676,0.09986315,64.2904175,,64.73619481,605,490.6723073,643.785195,959,-1.06123249,13.97198925,16.43098262,54,8.834400643,0.340542822,0.313086108
494,Michigan-Wisconsin-Illinois-Indiana,Michigan,43.05555333,-87.35839,176,5775673,281,y,-5.586938742,3.209564286,1.19059276,0.237821429,198.9546122,1748,23.30779996,604,,836.5714286,1010,-0.118814286,4.915506958,,33,1.441876217,0.931027011,0.470626743
116,Minnesota,Clearwater,48.07260167,-90.35441333,507,544,39.624,y,,,,,,,,,,,,,,,,,0.25,
117,Minnesota,Mountain,48.10347,-90.21666666,502,806.4,64,y,,,,,,,,,,,,,,,,,3.39,
119,Minnesota,Trout,47.86839833,-90.170545,504,104.935,23.47,y,,,,,,,,,,,,,,,,,2.8,
120,Minnesota,West Pike,48.08333333,-90.20099833,475,318.973,36.576,y,,,,,,,,,,,,,,,,,2.61,
121,Montana,Flathead,47.866667,-114.066667,882,51000,113,n,-5.045377356,2.986395789,1.034702026,0.068735945,68.63957721,1709,80.27252538,479,545,998.598,914,-1.219164441,9.5,12.03841846,37,15.2,1.31,0.26
122,Montana,McDonald,48.57393667,-113.9203317,961,2763,142,n,-5.61,3.18,0.939127621,0.054,49.788,,97.73240899,514,465,922,978,-2.075,13.5,9,37,,,0.131510688
123,Montana,Quartz,48.820255,-114.1095983,1350,352,83,n,-5.699541,3.227426,1.026088843,0.092,95.036,1277,90.79538052,504,630,1033,945,-1,8,,24,,,0.49
124,Montana,Swan,47.924122,-113.858878,940,1335,43,n,-5.2287607,3.0847277,1.249760614,0.149,152.874,1396,191.5606804,598,,1026,945,-1.387,7.5,,16,5.97,1.793333333,0.764
125,New Hampshire,Newfound,43.66035833,-71.77089444,178,1662,,y,,,,,,,,,,,,,,,,,0.29,
126,New Hampshire,Sunapee,43.37983889,-72.05285,333,1674,43,y,-5.197,3.051,1.090328799,,,,,,,,,,,,,,,
127,New Hampshire,Winnipesaukee,43.60805,-71.32205278,154,45440,65,y,-5.31,3.081,1.012806741,,,,,,,,,,,,,,,
128,New York,Cayuga,42.69958333,-76.69958333,116.4,17212,133,y,,,,9.11E-02,128.694156,,56.97769975,,,1412.644798,,-0.451913562,,,,,0.33,0.54
130,New York,George,43.5678,-73.63615833,97,11396,76,y,-5.39969863,3.131164384,1.125175118,,,,,,,,,,,,,,,
131,New York,Keuka,42.49220833,-77.14284167,236,4688,,y,,,,,,,,,,,,,,,,,1.32,
133,New York,Seneca,42.69117778,-76.92045278,136,17321,255,y,-4.987,2.977,1.116435668,,,,,,,,,,,,,,,
134,New York,Skaneateles,42.86326389,-76.38110278,262,3600,96,y,,,,,,1477,,,,,,,,,,,,
129,New York-Ohio-Ontario-Pennsylvania,Erie,42.59838333,-79.59180833,173,623500,64,y,-5.764565107,3.300348048,1.389873509,0.282465482,236.9378211,,50.83107809,487.4447646,600.2797811,838.8204454,1003,-0.221308729,2.907647175,4.575660013,31,0.107465923,0.00402817,0.439701212
327,New York-Ontario,Ontario,43.7,-77.9,75,1901051,244,y,,,,,,1589,,590,,,,,4.2,,,,0.16,0.75
135,Nunavut,Albert Edward Bay,69.53333282,-102.4166641,0,,,y,,,,0.063,52.668,,,,699.9613903,923.233762,1047.561317,,,23.3,59,,,9.18E-02
136,Nunavut,Contwoyto,65.59999847,-110.6500015,451,95700,,y,,,,0.046,43.056,,,407,676.5482046,1032.302871,1041.022308,,11.61549118,26.92156863,62,,,4.93E-02
137,Nunavut,Diana,62.97,-93.08,75,4610,,y,,,,,,,,607,,656.4184158,,,10.7,,,,,
138,Nunavut,Dubawnt,63.13333511,-101.5,234,383320,,y,,,,0.032,37.152,,,378,652.3636528,1277.22937,1131.436756,,10.97357157,24.28,50,,,5.31E-02
139,Nunavut,Fish Trap,69.69999695,-103.4833298,0,,,y,,,,,,,,,661.4139405,,928.6907002,,,20.52941176,28,,,
140,Nunavut,Netsilik,69.25,-93.08333588,7,,,y,,,,0.028,35.42,,,,713.5051084,1390.244803,1025.762722,,,25.56,44,,,7.97E-02
141,Nunavut,North Henik,61.75,-97.66666412,183,25060,57.22968,y,,,,9.00E-02,59.04,,,507,582.8245071,726.5094679,840.2398737,,16.94531429,20.62962963,39,,,9.12E-02
142,Nunavut,Nueltin,60.5,-99.5,275,227360,,y,,,,0.033,40.392,,,421,583.9282977,1345.704142,927.599343,,11.54613961,17.47368421,32,,,0.110242095
143,Nunavut,Qamanirjuaq,62.96666718,-95.66666412,92,54950,,y,,,,8.29E-02,64.09736566,,90.44827851,,658.6785434,773.078774,905.7689821,-1.5007178,27,28.70833333,41,,0.28,6.65E-02
144,Nunavut,Snowbird,61.5,-97.5,325,48902.2816,,y,,,,0.0687,54.8913,,,533,556.4320288,882.840394,1200.007117,,14.2,18.4551495,50,,,0.101382222
145,Nunavut,South Henik,63.16666667,-113.2,38,17693.7586,,y,,,,0.0746,55.8754,,,497,672.1312625,828.2197724,949.4236228,,15.8,25.73770492,50,,,8.28E-02
146,NWT,Alexie,62.67499924,-114.0833359,232,420,32,y,,,,0.128,77.312,1264.516129,,441,500.7416415,669.5669681,939.6034401,,9.177047562,12.30315789,34,8.3,,0.142482862
147,NWT,Baptiste,62.70416641,-114.2166672,208,365,32,y,,,,0.109,64.746,1177.142857,,459,489.862002,658.6100561,823.848316,,10.7091503,14.81518152,38,,,0.112844625
149,NWT,Capron,71.83333588,-123.7833328,184,,,y,,,,0.07,51.94,,,,506.9509829,820.5695435,723.2258007,,,15.54347826,39,,,8.40E-02
150,NWT,Chitty,62.71389008,-114.1180573,240,305,20,y,,,,0.126,78.246,1227.979275,,444,501.1692755,688.1888666,711.1841715,,8.056823363,11.76865672,30,,,0.137407182
151,NWT,Cli,61.96666718,-123.25,184,,,y,,,,0.045,43.02,,,,537.7248143,1054.099844,938.5122339,,,16.13513514,31,,,0.186995742
152,NWT,Drygeese,62.73333359,-114.1666641,229,547,35,y,,,,0.105,71.925,1154.285714,,446,438.2456709,758.242644,901.4021671,,8.885279711,8.648,32,5.3,,0.227695755
153,NWT,Duncan,62.84999847,-113.9666672,222,7160,60,y,,,,0.171,93.195,,,407,543.5047941,604.889265,737.4537606,,9.000026902,15.92682927,33,,,0.105402155
154,NWT,Gordon,60.68333333,-103,46.4,49227.38,,y,,,,0.139,84.512,,,420,579.6030274,673.9491367,1107.480104,,8,14.86440678,38,,,0.121592975
155,NWT,Great Bear,65.9,-120.82,156,3115237,446,y,-5.763464656,3.26939749,1.149585035,9.08E-02,62.02430698,,54.2929953,525,529.5799536,736.7618285,1124,-1.017092487,16.93738018,17.89333025,68,,,0.084220716
158,NWT,Great Slave,61.42,-115.12,157,2720000,614,y,-5.595688138,3.199914918,1.098465047,0.081639966,54.39376493,,41.33571677,515,542.7365854,714.7745169,959,-0.72966724,16.32285229,19.7,46,,0.4,0.081548975
162,NWT,Hottah,65.10148611,-118.56625,178,87543,69.5,y,,,,5.08E-02,73.99438348,,145.4082356,400,,1455.707105,,-2.070340038,5,,,,1.18,0.32
163,NWT,Indin,64.25,-115.1500015,260,,,y,,,,0.111,67.932,,,,559.0513819,678.330968,1056.279245,,,15.30769231,22,,,0.214140251
164,NWT,Kasba,60.29999924,-102.1833344,331,134090,,y,,,,0.048,44.496,,,463,583.8116752,1022.492462,949.4236228,,13.73730344,18.38461538,42,,,0.112441938
165,NWT,Keller,63.92,-121.53,241,41600,36.2,y,,,,,,,,,,,,,,,,,,0.253231464
166,NWT,Mosquito,62.6,-103.37,275,30932,,y,,,,0.089,64.169,,,524,636.2678417,797.6137572,1200.007117,,14.9,19.89212828,41,,,9.85E-02
167,NWT,Noell,68.53333282,-133.5666656,67,230,,y,,,,0.123,68.019,,,375,546.651961,613.6637381,693.6647531,,9.315093074,18.89795918,34,,,9.05E-02
168,NWT,Nonacho,61.70000076,-109.6666641,327,65580,40,y,,,,0.204,116.076,,,406,595.1027946,631.2082504,745.1136199,,8.8,16.07894737,37,,,0.113613483
169,NWT,Prelude,62.57,-113.92,175,,,y,,,,0.07,46.69,,,403,545.4932663,738.5480837,1003.958641,,13.5,20.18604651,43,,,0.103889209
170,NWT,Prosperous,62.6,-114.2,175,,,y,,,,0.064,52.032,,,433,612.3232902,898.1268915,1091.142512,,12.7,18.97222222,34,,,0.109806177
171,NWT,Thubun,61.56666565,-111.75,177,1540,,y,,,,0.14,86.52,,,519,608.9392077,684.9030873,708.9945262,,11.50050235,15.69230769,39,,,
172,NWT,Trout,60.58333206,-121.1666641,500,50400,,y,,,,0.237,129.876,,,460,575.1375161,608.1798678,703.5200621,,7.6,13.86538462,28,,,0.121109292
173,NWT,Wrigley,63.84999847,-126.1666641,696,2810,,y,,,,0.027,33.102,,,257,539.6586927,1347.877258,1003.958641,,6.354390724,18.51020408,45,,,7.36E-02
175,Ontario,Adelaide,47.06056,-84.305,358,137,47.2,y,-6.070581074,3.42,1.445094808,0.26160504,127.5,,,,,487.3759305,,,,,,,2,
176,Ontario,Aegean,50.81222,-94.7633,367,482,59,y,,,,,,,,,,,,,,,,,0.11,
177,Ontario,Agnes,48.2480545,-91.34527588,418,2993.9,79.3,y,,,,0.109,64.528,,,277,460.3119282,656.4184158,971.2419647,,3.793681501,12.05555556,31,,,0.102320437
178,Ontario,Aiabewatik,49.4575,-92.4706,412,163,33,y,,,,,,,,,,,,,,,,,1.64,
179,Ontario,Alluring,45.78611,-78.1375,393,33,36,y,,,,,,,,,,,,,,,,14.21,,
180,Ontario,Anstruther,44.74400833,-78.20692778,300,625,39,y,,,,,,,,,,,,,,,,,0.93,
181,Ontario,Aylen,45.61333466,-77.84860992,349,2014.6,72.8,y,,,,0.045,64.89,,,327,466.9803234,1582.34282,845.7028814,,5.943407633,7.25,11,,0.45,0.310365431
182,Ontario,Barter,47.28888702,-80.10861206,309,112.3000031,32.29999924,y,,,,0.171,92.682,,,423,402.3261613,601.5984502,599.4044554,,8.5,6.76,18,,,0.266805583
184,Ontario,Bear,46.18916702,-81.45055389,218,682.5,36.59999847,y,,,,,,,,,440.2253881,,666.280119,,,6.15,14,,,
185,Ontario,Benner,47.16749954,-80.62055206,351,58.70000076,26,y,,,,0.182,88.998,,,329,291.8258141,543.4244311,510.4634967,,6,4.157894737,18,,,0.18799009
186,Ontario,Big Clear,44.55778,-76.4558,197,187,61,y,,,,0.216737973,115.4,,,,,532.4401558,,,,,,,,0.405479452
187,Ontario,Big Rideau,44.77083206,-76.21277618,123,6479,100,y,,,,0.112,102.48,,,,677.8615021,1009.410182,915.5934064,,,7.8,15,,,0.405453379
188,Ontario,Big Salmon,44.53805542,-76.50222015,161,148.1999969,42.40000153,y,,,,0.12,99.96,,,,503.367478,919.9594159,855.5352445,,,6.26035503,11,,,0.592235881
189,Ontario,Big Squaw,47.01472092,-81.94611359,418,87.80000305,31,y,,,,0.152,101.536,,,452,439.9226017,739.6423875,698.0450937,,7.5,7.4375,18,,,0.123878455
190,Ontario,Big Trout,53.745,-89.9992,211,66100,,y,,,,,,1497,,,,,,,,,,,,
191,Ontario,Birch,44.54639,-76.5414,136,195.1,39.9,y,,,,,,,,,,,,,,,,,1.75,
192,Ontario,Blackfish,48.21527863,-84.1158371,355,216.3999939,33.90000153,y,,,,0.191,104.095,,,383,443.4243748,604.889265,673.9491367,,6.5,7.611111111,17,,,0.180043771
193,Ontario,Blue,49.90444,-93.4936,383,177,25.6,y,,,,,,,,,,,,,,,,,0.44,
194,Ontario,Bluesucker,47.16972351,-80.60694122,341,144.5,21.39999962,y,,,,0.331,162.852,,,,398.083231,546.7191988,528.0456975,,,3.692307692,7,,,0.487009293
195,Ontario,Bobowash,46.55277634,-82.78083038,425,63.90000153,140,y,,,,0.212,117.024,,,,499.2974059,612.5670106,621.340183,,,11.57894737,22,,,9.84E-02
196,Ontario,Bone,46.80639,-84.2653,305,121,32.6,y,-5.394694954,3.18,1.541805746,0.224624113,107.5,,,,,478.5772927,,,,,,,2.12,0.660404474
197,Ontario,Boshkung,45.06417,-78.7303,308,716,71.1,y,,,,0.11196239,78.4,,,,,700.2351419,,,,,,,2.15,
198,Ontario,Brewer,45.59083333,-78.30777778,96,40,,y,,,,2.52E-01,125.3055879,,49.39238202,,,496.6096962,,-0.415182702,,,,2.22,,
199,Ontario,Buddell,51.06222,-91.8003,404,194,30,y,,,,9.47E-02,65.3,,,,,689.284085,,,,,,,,0.113079563
200,Ontario,Burnt Island,48.79008611,-90.84262778,429,110,32,y,-5.880347285,3.354,1.485929174,0.117283386,79.3,2226,,407,,676.1400943,,,11.82817839,,,,,0.11
201,Ontario,Butler,49.4846,-91.84075,427,181,,y,,,,,,,,,,,,,,,,,,
202,Ontario,Canisbay,45.575,-78.5889,443,142,25.9,y,,,,,,,,,,,,,,,,6.335,,
203,Ontario,Caribou,46.46166611,-82.42028046,319,252.1999969,63.09999847,y,,,,,,,,,336.7659203,,547.8174024,,,5.594059406,11,,,
204,Ontario,Cassels,47.06972,-79.7233,289,772,36.6,y,,,,,,,,,,,,,,,,,0.42,
205,Ontario,Chandos,44.81889,-77.9714,311,1387.4,47.9,y,,,,,,,,,,,,,,,,,0.12,
206,Ontario,Charleston,44.53610992,-76.01194763,86,2517.1,91.5,y,,,,0.139,121.764,,,407,585.3382051,966.8787647,916.6849319,,4.404623498,6.324546952,14,,,0.267326782
207,Ontario,Charon,49.61833191,-85.9972229,304,304.8999939,30.5,y,,,,,,,,,455.3187989,,812.9184701,,,10.38888889,24,,,
208,Ontario,Chiblow,46.34722,-83.0383,233,2725,70.2,y,-5.22184875,3.1,1.396234175,0.150919343,117.9,,,,,781.2119896,,,,,,,0.59,0.670441039
209,Ontario,Chickaree,45.76139,-78.509872,439.5,25.9,16.5,y,,,,0.197547606,105.0092582,,49.97963569,,,531.5643163,,-0.499839594,,,,,,
210,Ontario,Christman,46.58361,-82.7292,383,59,18.3,y,-5.319664487,3.15,1.520866266,0.272734435,154.2,,,,,565.385151,,,,,,,1.59,0.642993039
211,Ontario,Chuggin,46.7555542,-80.50694275,278,29.5,16.5,y,,,,0.118,106.436,,,,528.7448447,995.2354452,739.6423875,,,6.545454545,13,,,0.287914078
212,Ontario,Church,48.52750015,-90.56889343,495,59.7,41.2,y,,,,0.152,69.16,,,372,380.1972316,506.0668355,544.5227132,,8.135595736,9.411764706,21,,,0.27474188
213,Ontario,Clear,49.25306,-82.2281,253,187,,y,,,,,,,,,,,,,,,,,2.52,
214,Ontario,Clearwater,47.04056,-80.2961,307,119,47,y,,,,,,,,,,,,,,,,,0.4,
215,Ontario,Costello,45.59722,-78.3203,420,37,18.9,y,,,,,,,,,,,,,,,,2.22,,
217,Ontario,Crooked,46.30250168,-82.71666718,231,276,36,y,,,,0.148,82.14,,,386,344.1149912,615.8571234,698.0450937,,8,5.245283019,12,,,0.344352364
218,Ontario,Cucumber,46.84444,-80.3161,275,81,22.9,y,,,,,,,,,,,,,,,,,0.76,
219,Ontario,Cummings,46.94806,-80.2061,328,71,27.1,y,,,,,,,,,,,,,,,,,0.08,
220,Ontario,Currie,48.18416595,-80.76833344,321,196.6000061,26.79999924,y,,,,,,,,,361.6934666,,570.8737379,,,6.154761905,12,,,
221,Ontario,Cut,46.76389,-79.2672,308,74,39.7,y,,,,,,,,,,,,,,,,,5.86,
222,Ontario,Dana,48.37361,-81.7603,330,111,25.9,y,,,,,,,,,,,,,,,,,0.53,
223,Ontario,Darragh,46.60333252,-83.55999756,358,191.6999969,44.20000076,y,,,,0.186,101.37,,,400,352.909631,604.889265,665.18446,,7,5.146666667,18,,0.68,0.1985294
224,Ontario,Daystar,46.86555481,-83.01361084,429,75.59999847,31.39999962,y,,,,0.143,76.648,,,,391.489684,595.0161802,659.7058438,,,7.583333333,14,,,0.261592045
225,Ontario,Devil,44.57666779,-76.45166779,132,1061.5,44.5,y,,,,0.104,92.248,,,,538.1549995,978.877007,935.2385252,,,6.535781544,14,,3.46,0.450142167
226,Ontario,Dickey,44.78722,-77.7428,310,214,54,y,-3.604638655,2.47,1.152968005,0.318689118,143.4,,,,,449.9682979,,,,,,,0.84,0.60544629
227,Ontario,Dog,48.30305481,-84.11611176,331,5345.600098,74.69999695,y,,,,0.076,68.704,,,,442.8738995,997.4163287,913.4103093,,,7.680555556,22,,,0.204488267
228,Ontario,Dog River,47.96081,-85.19514,185,,,y,,,,,,,,,,,,,,,,,,0.59
229,Ontario,Domain,50.96139,-94.5706,371,550,36,y,,,,,,,,,,,,,,,,,0.04,
230,Ontario,Drag,45.07667,-78.4072,354,912,55,y,,,,,,,,,,,,,,,,,0.31,
231,Ontario,Dunlop,46.49555588,-82.72861481,358,1098.199951,54.59999847,y,,,,,,,,,535.5122973,,637.7859457,,,6.728813559,10,,,
232,Ontario,Eagle,49.66308,-93.1483,362,27691,,y,,,,0.104101925,90.2,,,,,866.4585243,,,,,,,,
233,Ontario,Eaglerock,46.92639,-80.2558,309,168,42.7,y,,,,,,,,,,,,,,,,,0.95,
234,Ontario,East Caribou,46.59305573,-83.19277954,378,161.1999969,30.5,y,,,,0.241,133.032,,,,425.3505159,612.5670106,619.1470282,,,6.142857143,15,,,0.123339936
235,Ontario,Eels,44.88611,-78.1258,352,946,29.9,y,,,,,,,,,,,,,,,,,0.76,
236,Ontario,Elliot,46.39277649,-82.70388794,368,615.1,38.1,y,,,,,,,,326,547.6590264,853.0226574,886.116334,,5.032015179,6.220636663,12,,0.79,
237,Ontario,Emerald,46.91583,-80.3233,315,566.8,48,y,,,,,,,,,,,,,,,,,0.33,
238,Ontario,Esson,45.02139,-78.2708,391,245,32,y,,,,,,,,,,,,,,,,,5.72,
239,Ontario,Fern,46.73472214,-83.86027527,381,90.40000153,80,y,,,,,,,,,488.6065416,,725.4149317,,,4.428571429,7,,0.82,
240,Ontario,Flack,46.58750153,-82.78250122,351,951,70.09999847,y,-5.628932138,3.28,1.673745709,0.149789591,106.2,,,,433.2023172,708.9945262,1063.906734,,,5.387625114,14,,1.35,0.65354419
241,Ontario,Folson,46.43111038,-82.26777649,356,198.8999939,28.39999962,y,,,,0.109,89.053,,,,420.3148013,902.4938942,607.0830237,,,5.5,8,,,0.403563228
242,Ontario,Friday,46.95888901,-81.34222412,408,315.7000122,36.29999924,y,,,,0.145,99.76,,,,451.5222685,761.5244777,700.2351419,,,5.882352941,14,,,0.470672782
243,Ontario,Garden,46.76361084,-83.70722198,346,157.3999939,22.89999962,y,,,,,,,,,468.7120247,,712.2789642,,,4.225806452,8,,,
244,Ontario,Goetz,48.10861206,-84.64833069,338,71.09999847,33.90000153,y,,,,0.141,58.656,,,270,315.0855723,463.1750452,448.8675303,,8,9.568627451,24,,0.57,0.136054766
245,Ontario,Gong,47.06999969,-83.53610992,453,385,21.39999962,y,-4.998266287,3.03,1.512212508,0.114934187,103.1,,,,452.0029047,897.0351016,1008.319902,,,5.532347505,12,,,
246,Ontario,Goulais,47.16333389,-83.67222595,474,240,33.5,y,-5.450996738,3.2,1.533582965,0.163996112,98.3,,,,364.4189356,599.4044554,905.7689821,,,4.454244032,12,,,
248,Ontario,Greenwater,47.49139023,-80.25583649,334,55.11999893,21.95999908,y,-5.126679398,3.09,1.633570625,0.196,98.392,,,351,448.3986752,557.7000682,655.3225632,,6.5,9.62962963,26,,,0.15048876
249,Ontario,Greenwich,48.81,-88.8592,417,484,61,y,-5.320107403,3.131,1.350105418,0.126885706,71.6,883,,284,,564.2873581,,,11.26304162,,,,,0.21
250,Ontario,Grouse,48.54333115,-90.54444122,477,87.3,38.4,y,,,,0.184,100.096,,,326,533.0236499,603.7923504,715.5632229,,5.690963342,11.19344262,35,,,0.147720038
251,Ontario,Gull,47.22472382,-83.63444519,633,128.6999969,20.70000076,y,,,,0.147795647,89.4,,,,367.5166797,604.889265,763.7122738,,,3.671328671,18,,0.66,
252,Ontario,Haliburton,45.19889,-78.3956,360,1014,55,y,,,,,,,,,,,,,,,,,0.29,
253,Ontario,Halls,45.11056,-78.7464,327,539,80,y,,,,,,,,,,,,,,,,,0.94,
254,Ontario,Happy Isle,45.74806,-78.5117,429,536,41.1,y,,,,0.141604676,91.4,,,,,645.4589091,,,,,,,0.28,
255,Ontario,Hawley,54.50388718,-84.62527466,95,499.7869873,210,y,,,,0.162,90.396,,,450,538.5971012,619.1470282,754.9606421,,10,13.12345679,29,,,0.152144626
256,Ontario,Helens,46.10972214,-81.5652771,193,82.59999847,41.20000076,y,,,,0.11,79.64,,,,489.8290601,800.893629,719.9419571,,,9.076923077,19,,,0.198706578
257,Ontario,Hood,48.48556,-90.6539,475,120,17,y,,,,,,,,284,,661.2399104,,,5.9,,,,,
258,Ontario,Huron S Bay,45.6345,-81.8742,169,7770,165,y,,,,,,,,,,,,,,,,2.7,,0.698805788
259,Ontario,Icarus,48.21833,-90.5569,457,762,42.7,y,,,,,,,,,,,,,,,,,0.75,
260,Ontario,Iron,46.50722,-83.935,280,218,45.7,y,,,,,,,,,,,,,,,,,0.41,
261,Ontario,Islets,49.21972,-92.2719,401,165,38,y,-4.942271204,2.99,1.341680503,0.141637206,90.8,1342,,358,,641.0744916,,,9.05815126,,,,,0.33
262,Ontario,Jim Christ,46.58361,-82.7292,356,58,18.3,y,,,,,,,,,,,,,,,,,1.62,
263,Ontario,Johnnie,46.08777618,-81.22499847,274,342.2999878,33.59999847,y,,,,,,,,,621.8153545,,796.5204312,,,9.133333333,13,,,
264,Ontario,Joseph,45.17638779,-79.73027802,226,5155.600098,93,y,-5.17327748,3.08,1.378955126,0.144,77.328,,,,526.6836102,596.1132848,929.7820422,,,8.686838124,21,,0.87,0.312338513
265,Ontario,Kashagawigamog,44.99472,-78.5883,318,818,39.7,y,,,,,,,,,,,,,,,,,0.22,
266,Ontario,Kawagama,45.29417,-78.7453,355,2819,73.2,y,,,,0.221453467,120.1,,,,,542.3261227,,,,,,,0.6,
267,Ontario,Kawashegamuk,49.437,-92.317555,374,1836,33,y,,,,,,,,,,,,,,,,,0.46,
268,Ontario,Keelor,46.50361252,-82.95527649,351,123.8000031,34.20000076,y,,,,0.137,73.569,,,300,368.0041963,596.1132848,632.3045891,,6,7.731182796,38,,,0.224248755
269,Ontario,Kennewapekko,49.37139,-92.5633,431,217,37.2,y,,,,,,,,,,,,,,,,,0.13,
270,Ontario,Kennisis,45.21583,-78.6414,374,1417,68,y,,,,0.146904757,91.6,,,,,623.5332462,,,,,,,2.36,
271,Ontario,Kettyle,46.81027603,-80.53916931,284,53.29999924,23.5,y,,,,0.234,142.038,,,,315.8008247,672.8536263,541.227788,,,2.588235294,7,,,0.45254386
272,Ontario,Kimball,45.34167,-78.6775,356,213,67.1,y,,,,,,,,,,,,,,,,,0.77,
273,Ontario,Klinestiver,49.48333359,-86.46499634,345,157.6000061,40,y,,,,0.103,94.966,,,,543.5089153,1017.041755,860.9970895,,,7.346153846,16,,,0.318982259
274,Ontario,Koshlong,44.97083282,-78.48583221,348,400.7999878,42.70000076,y,,,,0.18,123.66,,,,493.1554806,760.4305518,768.0876436,,,6.291176471,27,,,0.285056024
275,Ontario,Lady Sydney,47.40444565,-80.20555878,313,229.6999969,25.60000038,y,,,,0.112,90.048,,,520,539.6739224,888.3002144,894.8514746,,9,10.70588235,28,,,8.94E-02
276,Ontario,Lake of Bays,45.25389,-79.0058,315,6904,70.1,y,,,,0.111092949,84.6,,,,,761.5244777,,,,,,,,
277,Ontario,Lake of the Woods,49.24972153,-94.75055695,324,434859,68.80000305,y,-5.4867824,3.21,1.502835045,0.08,89.84,,,429,541.120632,1235.906246,1170.163104,,5.5,6.926829268,14,,,0.233592778
278,Ontario,Lake_223,49.69211,-93.705155,402,27.27,14.4,y,,,,0.314721996,161,,,,,511.5625917,,,,,,14.8,,0.13
279,Ontario,Lake_224,49.68738,-93.71700167,409,25.92,27.4,y,,,,0.269398772,123,,,,,456.5722369,,,,,,13.1,,0.12
280,Ontario,Lake_239,49.65778667,-93.72043838,386,54.28,30.4,y,,,,,,,,,,,,,,,,0.3,,0.31
281,Ontario,Lake_260,49.69102167,-93.767405,409,32.76,14.2,y,,,,,,,,,,,,,,,,10.7,,0.13
282,Ontario,Lake_305,49.68787,-93.68921667,404,52,32.7,y,,,,,,,,,,,,,,,,7.6,,0.12
284,Ontario,Lake_373,49.73952,-93.80013833,424.6,27.3,20.75,y,,,,,,,,,,,,,,,,7.8,,0.15
285,Ontario,Lake_375,49.74006,-93.78631333,398,23.2,26.8,y,,,,,,,,,,,,,,,,16.1,,0.21
286,Ontario,Lake_382,49.70291167,-93.67347667,402,36.86,13.1,y,,,,,,,,,,,,,,,,12.8,,0.22
287,Ontario,Lake_442,49.77148667,-93.81733333,411,16,17.8,y,,,,,,,,,,,,,,,,20.1,,0.2
288,Ontario,Lauzon,46.21472,-82.8203,185,2244,82.3,y,,,,,,,,,,,,,,,,,0.26,
289,Ontario,Lavieille,45.86806,-78.2458,368,2536.5,48.8,y,,,,0.105005053,91.9,,,,,875.1959734,,,,,,,0.41,
290,Ontario,Lee,50.93611,-94.1672,383,283,33.6,y,,,,,,,,,,,,,,,,,0.58,
291,Ontario,Little Agawa,47.34749985,-84.37666321,449,131.1999969,41.5,y,,,,0.321,165.636,,,,483.6031358,573.0689973,635.5934702,,,7.166666667,14,,,0.16663036
292,Ontario,Little Bear,46.17611,-81.5072,218,140.5,22.6,y,-6.077,3.373,1.063226579,,,,,,,,,,,,,,,
293,Ontario,Little Gull,49.07471848,-91.59750366,441,325.3999939,36.29999924,y,,,,0.194,116.788,,,,580.7625439,667.3757566,855.5352445,,,10.16915423,17,,,0.226257466
294,Ontario,Little Joe,50.36861,-93.4472,441,221,24,y,-5.663200044,3.277,1.518184874,0.184985863,126.9,1200,,273,,685.9983678,,,7.287469965,,,,,0.08
295,Ontario,Little Quirke,46.53889,-82.6014,393,397,45.7,y,,,,,,,,,,,,,,,,,0.36,
296,Ontario,Loch Erne,48.61361,-90.3572,454,165,32,y,-5.806517223,3.327,1.489210129,0.139998927,106,1260,,573,,757.1486621,,,9.622540838,,,,,0.1
331,Ontario,Loon,45.66944,-79.22,376,155.4,26.2,y,,,,,,,,,,,,,,,,,1.03,
297,Ontario,Loonskin,48.08583,-84.6383,358,150,25.6,y,,,,,,,,,,,,,,,,,0.47,
298,Ontario,Louisa,45.47222137,-78.48278046,459,489.3,61,y,,,,0.176,86.24,1845,,330,400.8911634,544.5227132,938.5122339,,5.561432808,6.331395349,18,,1.48,0.431658041
299,Ontario,Lower Bass,46.98389,-80.2086,352,106,21.4,y,,,,,,,,,,,,,,,,,1.53,
300,Ontario,Mamainse,47.03277588,-84.61611176,405,143.7799988,120,y,,,,,,,,,493.4405611,,687.0936275,,,4.515151515,7,,,
301,Ontario,Manitou,45.7775,-81.9836,225,10399,49.1,y,,,,0.164557821,128.2335096,,275.750741,476,,779.2611046,,-2.654032913,6,,,,1.06,0.197481202
302,Ontario,Manitowik,48.16361237,-84.37361145,309,3130.300049,119,y,,,,0.125,107.625,,,,458.8126013,950.5146798,808.5460459,,,5.202380952,20,,,0.364380089
303,Ontario,Matagamasi,46.77388763,-80.60555267,269,1392.699951,61,y,,,,,,,,,238.347929,,422.43933,,,1.868421053,4,,,
304,Ontario,McCarrel-Cloudy,46.442085,-83.92905,240,248,33.6,y,,,,,,,,,,,,,,,,,0.49,
305,Ontario,McConnell,46.73972,-79.3397,316,207,32.9,y,,,,,,,,,,,,,,,,,0.98,
306,Ontario,McGiffin,47.36249924,-80.46888733,371,109.4000015,23.79999924,y,,,,0.085,59.415,,,,368.1795803,773.5564412,582.9464387,,,7.652173913,16,,,0.217934431
307,Ontario,Megisan,47.24000168,-83.52333069,458,620.2999878,18,y,,,,,,,,,485.0696565,,955.9697425,,,5.982112436,12,,,
308,Ontario,Merchant,45.77139,-78.5294,433,412,32,y,,,,,,,,,,,,,,,,,0.39,
309,Ontario,Mijinemungshing,47.69333267,-84.71055603,402,570.5999756,33.5,y,,,,0.186,95.418,,,320,430.4289676,569.7760707,654.2266889,,5.5,8.611940299,29,,,0.17371047
310,Ontario,Mishi,48.07944489,-85.35916901,418,222.5,65.5,y,,,,0.163,89.161,,,400,470.8542308,607.0830237,828.2197724,,8,12.02061856,32,,,0.115311866
311,Ontario,Miskwabi,45.05028,-78.3236,392,264,44,y,,,,0.17394899,107.7,,,,,619.1470282,,,,,,,,
312,Ontario,Mississagua,44.70917,-78.3178,295,588,44.2,y,,,,,,,,,,,,,,,,,0.57,
313,Ontario,Montreal River,47.24178,-84.64716,186,,,y,,,,,,,,,,,,,,,,,,0.59
314,Ontario,Mountain,44.97444,-78.7128,306,320,28,y,,,,,,,,,,,,,,,,,0.2,
315,Ontario,Munroe,47.56000137,-80.19444275,289,77.19999695,19.81999969,y,,,,0.04,51.84,,,,386.8864401,1423.910646,742.9251842,,,7.548387097,19,,,0.187725051
316,Ontario,Muskasenda,48.09472275,-81.30444336,332,632,42.70000076,y,,,,,,,,,373.3841698,,760.4305518,,,5.772727273,12,,,
317,Ontario,Muskoka,45.05361176,-79.47499847,242,12205.8,66.5,y,,,,0.095,76.38,,,358,527.9837531,888.3002144,922.1423286,,6.468506606,7.6325,23,,,0.356678243
318,Ontario,Myrt,48.44472122,-90.72721863,494,272.6,15.1,y,,,,0.37,143.19,,,273,383.9703004,431.2508466,462.074655,,3.000026902,6.56097561,14,,,0.210791991
319,Ontario,Nelson,46.72583333,-81.09388889,357,316,50.3,y,,,,0.1362977,93.5,,,,,685.9983678,,,,,,,,
320,Ontario,Net,47.11306,-79.8042,296,711,47.5,y,,,,,,,,,,,,,,,,,0.08,
321,Ontario,Niobe,48.72638702,-91.32971954,431,317.2999878,19.5,y,,,,0.172,108.188,,,468,567.7065621,696.9500392,751.6784713,,7.5,9.230769231,14,,,0.348679162
322,Ontario,Nipigon,49.83333206,-88.5,259,448060,137,y,,,,0.195,167.505,,,573,765.9291339,948.332551,1144.787254,,5.7,8.798723613,34,,0.29,0.22232239
323,Ontario,Northern Light,48.25167,-90.6792,441,6875,39.7,y,,,,,,,,,,,,,,,,,0.17,
324,Ontario,Noxheiatik,49.44417,-92.4322,417,90,30.5,y,,,,,,,,,,,,,,,,,0.13,
325,Ontario,Nunikani,45.20056,-78.7333,369,116,24.1,y,,,,,,,,,,,,,,,,,0.69,
326,Ontario,Obabika,47.03861,-80.2589,306,3158,40.3,y,,,,,,,,,,,,,,,,,0.14,
328,Ontario,Opeongo,45.70916748,-78.36833191,410,5860,49,y,-5.585026652,3.25,1.536830115,0.108,84.132,1609,,411,522.1055674,860.9970895,1038.84253,,7.017838124,8.775368249,35,1.506825939,0.68,0.264300649
329,Ontario,Pekagoning,49.15000153,-92.19083405,394,1319.6,38.4,y,,,,0.112,89.6,,,476,573.0444699,883.93239,950.5146798,,7.107315142,9.664804469,32,,,0.173432222
330,Ontario,Pettit,48.95194626,-92.26721954,388,1197.099976,25,y,,,,0.181,117.107,,,,557.0004933,716.6579361,853.3503911,,,7.854111406,20,,,0.394506871
332,Ontario,Pickerel,48.62472153,-91.44444275,411,6058.799805,74.69999695,y,-5.254144805,3.12,1.467714581,0.108,76.356,,,,500.8136737,782.3055667,834.7764454,,,10.13934426,39,,,0.165695093
333,Ontario,Pilgrim,47.19527817,-80.65860748,357,122.9000015,25,y,,,,0.234,99.684,,,331,332.381473,474.1772577,506.0668355,,6.5,5.245810056,15,,,0.353643062
334,Ontario,Pineneedle,50.66528,-94.2875,353,1039,67.1,y,,,,,,,,,,,,,,,,,0.35,
335,Ontario,Pivot,48.13111115,-84.47444153,357,122.9000015,16.70000076,y,,,,0.151,89.543,,,,398.7050634,657.5142468,624.6297435,,,6.769230769,19,,,0.120249765
336,Ontario,Pond,46.94889,-80.3092,317,21.5,23.5,y,,,,,,,,,,,,,,,,,0.24,
337,Ontario,Rabbit,46.99639,-79.6436,290,2083,42.7,y,,,,,,,,,,,,,,,,,0.5,
338,Ontario,Radisson,48.20527649,-80.75777435,321,543.5,54.29999924,y,,,,0.139,85.485,,,,385.4143189,681.6171214,669.5669681,,,6.046511628,21,,,0.229572113
339,Ontario,Ranger,46.89944458,-83.55666351,437,2254,73.19999695,y,-5.354577731,3.1,1.028559176,0.211737423,130.4,,,,449.3989394,615.8571234,719.9419571,,,5.931034483,11,,0.28,0.498423931
340,Ontario,Rawlinson,49.28361,-92.4775,418,234,32.1,y,,,,,,,,,,,,,,,,,0.57,
341,Ontario,Rawson,46.91999817,-80.56694794,302,158.6000061,26,y,,,,0.105,54.81,,,277,225.143462,579.6541801,478.5772927,,7.5,4.333333333,13,,,0.282524819
342,Ontario,Red,51.04278183,-93.94833374,363,17676,42.70000076,y,,,,0.162,126.684,,,,823.7137481,864.2739994,1018.131924,,,19.40816327,35,,,7.42E-02
343,Ontario,Redrock,45.76694,-78.4719,400,363,,y,,,,,,,,,,,,,,,,,0.41,0.29
344,Ontario,Redstone,45.17361,-78.5358,365,1194,82.4,y,,,,0.182731378,99.1,,,,,542.3261227,,,,,,,1.12,
345,Ontario,Robinson,48.19610977,-91.66110992,393,420.9,35.1,y,,,,0.143,86.086,,,325,549.7567195,667.3757566,826.0340784,,4.457635565,15.87234043,39,,,6.99E-02
346,Ontario,Rosemarie,46.6538887,-82.53944397,406,87.59999847,24.10000038,y,,,,0.213,109.695,,,300,342.4487263,571.9713801,575.2641573,,4,4.666666667,24,,,0.249484437
347,Ontario,Rosseau,45.17388916,-79.58499908,239,6374,90,y,,,,0.18056686,129.8,,,509,420.3006383,718.8473032,883.93239,,8.320724258,7.416881998,26,,,
348,Ontario,Salmon,44.82056,-78.4456,324,171.9,32.5,y,,,,,,,,,,,,,,,,,5.15,
349,Ontario,Sasakewi,49.48333333,-92.65444444,392.6,126,19.3,y,,,,,,,,,,,,,,,,,1.86,
350,Ontario,Scattergood,49.28861,-92.7092,436,282,38.1,y,,,,,,,,,,,,,,,,,2.2,
183,Ontario,Scott,48.09861,-84.6567,339,51,63.1,y,,,,,,,,,,,,,,,,,0.13,
351,Ontario,Seggemak,49.38528,-92.4853,423,170,28.6,y,,,,,,,,,,,,,,,,,1.25,
352,Ontario,Semiwite,46.57722,-82.6819,372,304,33.5,y,-6.086186148,3.44,1.578594798,0.151498251,102.6,,,,,677.2355416,,,,,,,1.16,0.656991483
353,Ontario,Seymour,46.75222397,-83.22833252,411,62,16,y,,,,,,,,,439.8484927,,752.772547,,,3.846153846,10,,,
354,Ontario,Shakwa,46.77277756,-81.98472595,432.5,438,27.5,y,,,,,,,,,431.3755225,,1012.680939,,,5.481132075,19,,,
355,Ontario,Sherborne,45.17556,-78.7897,357,252,35.1,y,,,,,,,,,,,,,,,,,0.51,
356,Ontario,Simcoe,44.44166565,-79.36333466,219,72500,41.5,y,,,,0.272,199.104,,,527,669.346601,809.6391781,1025.762722,,4.5,6.498021978,23,,0.26,0.32385555
357,Ontario,Smith,47.37722397,-80.75861359,439.5,255,25.89999962,y,,,,,,,,,363.7096192,,589.5302969,,,6.268292683,12,,,
358,Ontario,Smoke,45.51527786,-78.68138885,419,607,54.90000153,y,,,,9.95E-02,83.9,,,,461.7886454,843.5177286,916.6849319,,,5.894273128,13,,1.56,
359,Ontario,South Otterskin,49.21944,-93.6292,357,213,36,y,-6.01063563,3.407,1.530224585,0.206667704,146.3,1193,,452,,707.8996735,,,7.463222291,,,,,0.2
360,Ontario,Spring,46.76,-79.2769,308,69.6,54.9,y,,,,,,,,,,,,,,,,,0.65,
361,Ontario,Squeers,48.51667023,-90.55667114,478,384.1,33.6,y,,,,0.172,90.472,,,385,380.7647759,584.0438093,1026.852781,,6.709050913,6.174626866,24,,,0.277407728
362,Ontario,Stormy,49.38417,-92.3017,383,2443,36.6,y,,,,,,,,,,,,,,,,,1.17,
363,Ontario,Sugarbush,46.98833466,-81.56944275,441,55.90000153,,y,,,,0.231,114.576,,,370,366.4398208,551.111857,660.80161,,6,5.529411765,18,,,0.138251355
364,Ontario,Summers,46.45861,-82.7472,386,225,53.3,y,,,,,,,,,,,,,,,,,1.87,
365,Ontario,Sunshine,49.36389,-92.6894,394,575,59.5,y,,,,,,,,,,,,,,,,,0.22,
368,Ontario,Sutton,54.25388718,-84.69777679,95,3764,275,y,,,,0.179,103.82,,,453,582.5002481,643.2667446,864.2739994,,8.5,15.34065934,29,,,0.118763542
369,Ontario,Temagami,47.00638962,-80.07943726,295,22653,109.7,y,,,,0.179,110.622,,,458,573.9707479,684.9030873,1092.231775,,6.743038453,10.98671096,29,,0.42,0.177799634
370,Ontario,Ten Mile,46.51972198,-82.78778076,375,932.4000244,91.5,y,,,,0.133,76.076,,,332,372.7374682,634.4971989,694.7598689,,6.5,6.784482759,20,,,0.289721834
371,Ontario,Tenfish,46.64777756,-82.76916504,395,93.19999695,112,y,,,,0.191,99.511,,,357,334.0552573,578.5567114,765.8999957,,6,4.590909091,18,,,0.402364919
372,Ontario,Thunder,49.77778,-92.6653,372,1123,21.3,y,,,,,,,,,,,,,,,,,0.6,
373,Ontario,Timberwolf,45.68111038,-78.80278015,427,167.8,20.4,y,,,,,,,,532,451.9611856,580.7516242,776.8374998,,3.904547686,5.989473684,10,,,
374,Ontario,Toodee,46.75138855,-83.17055511,429,138.6999969,118,y,,,,0.202,106.656,,,398,399.6318747,586.2384772,610.3734859,,7,6.441860465,19,,,0.189257549
375,Ontario,Treeby,47.8758316,-84.85277557,266,129.5,27.79999924,y,,,,,,,,,397.3749267,,522.5520152,,,6.039215686,9,,,
376,Ontario,Turtleshell,46.88917,-80.2475,308,161,45.9,y,,,,,,,,,,,,,,,,,0.79,
377,Ontario,Twelve Mile,45.02527618,-78.70610809,308,336.5,27.5,y,,,,,,,,,453.7317115,,820.5695435,,,5.725490196,10,,0.34,
378,Ontario,Upper Bass,47.01472,-80.2339,298,122,39,y,,,,,,,,,,,,,,,,,0.11,
379,Ontario,Upper Manitou,49.40694,-92.7953,372,5158,56,y,,,,,,,,,,,,,,,,,0.76,
380,Ontario,Wabigoon,49.732175,-92.750936,368,3680,14.4,y,,,,,,,,,,,,,,,,,1.27,
381,Ontario,Wakomata,46.57528,-83.3606,316,2469,73.2,y,,,,,,,,,,,,,,,,,0.06,
382,Ontario,Wakwekobi,46.32555389,-83.38500214,200,2709,73.19999695,y,-6.229147988,3.5,1.649100133,0.157412357,130.2,,,,509.8607552,827.126934,779.0247811,,,6.483870968,12,,0.45,0.791954818
383,Ontario,Walker,46.19944382,-81.5083313,218,339.2999878,54.90000153,y,,,,,,,,,421.7469049,,766.9938289,,,7.714285714,17,,,
384,Ontario,Waonga,47.60527802,-81.44833374,361,234.6999969,45.70000076,y,,,,,,,,,397.7748046,,570.8737379,,,3.323529412,7,,,
385,Ontario,Wapageisi,49.32222,-92.3506,409,1652,48.8,y,,,,,,,,,,,,,,,,,0.17,
386,Ontario,Wawa,48.00861,-84.7294,287,678,32.9,y,,,,,,,,,,,,,,,,,0.37,
387,Ontario,Wawiagama,47.00028,-80.3819,274,618,20.4,y,,,,,,,,,,,,,,,,,0.05,
388,Ontario,Wawiashkashi,46.80222,-80.3192,255,415,21.4,y,,,,,,,,,,,,,,,,,0.19,
389,Ontario,Whiskey,46.43972397,-82.33555603,307,916.5999756,55.20000076,y,,,,,,,,,445.5650354,,683.8077861,,,5.393442623,12,,,
390,Ontario,White,48.76944,-85.6353,329,421,,y,,,,,,,,,,,,,,,,1.93111639,,
391,Ontario,White Bear,46.69499969,-83.10138702,393,284.8999939,50.29999924,y,,,,0.169,77.006,,,388,363.9196978,614.7604423,584.0438093,,7,5.766233766,25,,,0.242176203
392,Ontario,White Partridge,45.83444595,-78.11055756,326,574.4000244,47.29999924,y,,,,,,,,,384.1912071,,714.4684899,,,5.319148936,10,,,
393,Ontario,White Pine,47.28194427,-80.83083344,393,66.90000153,19,y,,,,0.187,95.183,,,372,384.9904956,565.385151,702.4251089,,6.5,6.482200647,25,,,0.184026148
394,Ontario,Whitegull,45.65806,-78.4514,443,72.1,,y,,,,,,,,,,,,,,,,,2.13,
395,Ontario,Wollaston,44.84111,-77.8358,311,388.2,31.1,y,-3.425262854,2.4,1.127885872,0.231593803,103.7,,,,,447.7667308,,,,,,,,
396,Ontario,Woods,46.88806,-80.3364,289,23,17.7,y,,,,,,,,,,,,,,,,,0.29,
397,Ontario,Wrist,50.87,-94.7442,367,326,63,y,,,,,,,,,,,,,,,,,0.33,
398,Ontario,Yorston,47.06722,-80.5356,322,355.8,45,y,,,,,,,,,,,,,,,,,1.92,
99,Ontario-Michigan,Huron,44.8,-82.4,176,5956972,229,y,,,,,,,,,,,,,,,,0.942342301,0.188598042,0.296290761
399,Quebec,Albanel,50.90250015,-73.29499817,389,43600.54,76,y,,,,0.17,113.56,,,509,637.071299,739.6423875,941.7858075,,8.720117869,12.39233038,40,,,0.184503225
400,Quebec,Antoine,46.36999893,-76.98555756,266,435,,y,,,,0.111,73.815,,,367,481.1070957,736.3594183,719.9419571,,6.5,9.7,19,,,0.1840358
401,Quebec,Archambault,46.3077774,-74.24250031,403,1380,39,y,,,,0.123,114.267,,,452,509.293285,1024.672649,981.0583179,,4.789268067,5.532338308,20,,,0.258732614
402,Quebec,Argile,45.86027908,-75.56138611,282,451,43,y,,,,0.136,101.456,,,481,467.4092946,824.9412058,1025.762722,,6.99507176,6.086309524,19,,,0.259277668
403,Quebec,Baude,47.07666779,-73.29944611,425,325,36.5,y,,,,0.144,84.384,,,424,418.6906463,649.8429741,660.80161,,7.283828434,7.251184834,18,,,0.277211357
404,Quebec,Bell,46.05944443,-76.63277435,276,300,60,y,,,,0.136,83.75656879,,,353,380.1008011,615.8571234,671.7580947,,7.21273183,7.739726027,18,,,0.25434901
405,Quebec,Blue Sea,46.22055435,-76.05472565,166,1437,60,y,,,,0.128,110.336,,,532,531.0171653,951.6057219,894.8514746,,6.451207697,6.718120805,28,,,0.214116228
406,Quebec,Bonin,48.27444458,-73.65249634,524,453,25,y,,,,0.158,93.536,,,339,517.0153821,656.4184158,868.6429839,,4.899426617,10.625,28,,,0.139125645
407,Quebec,Branssat,46.42111206,-77.03971863,266,306,,y,,,,,,,,,519.5631654,,948.332551,,,8.08,14,,,
408,Quebec,Bryson,46.46722412,-77.01055908,261,2124,,y,,,,0.056,71.288,,,,567.8880245,1398.933677,987.6019067,,,8.67,20,,,0.488554771
409,Quebec,Cacuscanus,49.21972275,-69.97277832,437,1191,,y,,,,0.067,66.531,,,,469.925637,1094.410261,958.1516644,,,8.120300752,32,,,0.247079683
410,Quebec,Caribou,,,,,,y,,,,,,,,,603.2781635,,747.3019795,,,8,9,,,
411,Quebec,Carignan,47.261389,-72.77775,303,520,66,y,,,,0.128,76.672,,,359,420.923152,664.0887796,840.2398737,,6.437885543,7.607526882,20,,,0.295606824
412,Quebec,Caugnawana (Petit),46.61888885,-78.4411087,363,150,16,y,,,,0.223,105.702,,,347,458.1007647,526.9470154,566.4829187,,5.690238236,10.80555556,24,,,0.138906182
413,Quebec,Cedres (Des),46.30389023,-76.11305237,181,793,38.7,y,,,,,,,,,426.7858202,,791.053534,,,5.027027027,12,,,
414,Quebec,Chapleau,46.22888947,-74.94277954,261,497,24,y,,,,,,,,,355.7676019,,666.280119,,,5.25,11,,,
415,Quebec,Chasseurs (Des),48.22027588,-67.87055206,360,243,31,y,,,,0.108,89.316,,,450,440.4948514,913.4103093,887.2082822,,10,5.881578947,15,,,0.227813699
416,Quebec,Chaumonot,47.9719429,-72.79972076,295,456,35,y,,,,,,,,,421.0973865,,712.2789642,,,7.981818182,17,,,
417,Quebec,Chibougamau,49.8413887,-74.23051453,384,22845.7,58.20000076,y,,,,0.155,118.11,,,505,684.9073491,842.4251271,1048.651105,,7.15288018,12.48249027,41,,,0.125880634
418,Quebec,Cinconsine,47.40472412,-73.06111145,341,1210,97.5,y,,,,0.084,69.804,,,446,494.1472837,917.7764419,852.2579395,,8.39098893,9.021052632,28,,,0.21299745
419,Quebec,Cladonie,52.65833282,-67.13222504,578,247,,y,,,,0.119,81.753,,,,540.7701408,760.4305518,834.7764454,,,10.86111111,26,,,0.200779316
420,Quebec,Clair (Devenyns),47.09027863,-73.83721924,395,2163,60,y,,,,0.093,77.097,,,475,456.1547802,915.5934064,1098.767079,,9,7.49137931,22,,,0.22340724
421,Quebec,Cote,48.1222229,-68.18138885,320,119,26,y,,,,0.051,78.489,,,,552.9877616,1687.497515,911.2271505,,,7.5,17,,,0.239090889
422,Quebec,Désert,46.59111023,-76.30666351,220,2979,52,y,,,,,,,,,356.0731211,,756.0546615,,,6.0625,12,,,
423,Quebec,Dix Milles (Des),47.8955574,-74.80860901,427,1717,,y,,,,0.128,101.888,,,,740.8010413,879.5643101,851.1654714,,,14.64705882,21,,,0.124871528
424,Quebec,Doolittle,46.68333435,-76.80000305,353,805,,y,,,,,,,,,492.5742396,,621.340183,,,12.09090909,16,,,
425,Quebec,Dores aux,49.85388947,-74.34443665,380,4040,40.5,y,,,,0.126,98.406,,,546,544.1723118,863.1817124,1057.368927,,8.466779919,8.219047619,27,,,0.189512025
426,Quebec,Dumont,46.06138992,-76.45555878,254,1772,72.5,y,,,,,,,,,475.6954529,,967.9695865,,,7.754385965,21,,,
427,Quebec,Duval,46.32138824,-76.91777802,336,1059,40,n,,,,0.123,85.977,,,462,531.0782084,773.5564412,1003.958641,,7.854818413,9.108374384,26,,,0.234674896
428,Quebec,Gagnon,46.11444473,-75.1258316,225,1857,32.5,y,,,,,,,,344,421.3525582,721.9122845,873.0117083,,9.901136067,6.730941704,19,,,
429,Quebec,Galarneau,46.13833237,-76.80110931,243,637,40,y,,,,0.053,55.438,,,457,442.3172995,1152.121756,953.7877618,,10.43550396,9.1,30,,,0.110937249
430,Quebec,George (Grand),46.77639008,-78.73278046,331,238,,y,,,,0.19,99.37,,,386,440.1853503,580.7516242,643.2667446,,6.769632081,7.704545455,20,,,0.271202941
431,Quebec,Goelands (Aux),48.31361008,-73.60500336,541,212,24,y,,,,0.258,126.162,,,383,475.7585757,543.4244311,714.4684899,,5.126687532,9.2890625,23,,,0.150882517
432,Quebec,Gordon,46.77857778,-79.10931111,325,190,35,y,,,,0.126,76.86,,,371,385.763573,676.1400943,577.4592181,,6.968579099,6.447368421,15,,,0.407187569
433,Quebec,Hickey,45.94416809,-76.6194458,322,231,66,y,,,,0.11,66.66,,,391,347.8539868,671.7580947,526.9470154,,8.23506754,6.448979592,15,,,0.372913947
434,Quebec,Indian,55.01616944,-65.98292222,482,211,,y,,,,,,,,,,,,,,,,1.23,,
435,Quebec,Indienne (De l'),46.0261116,-76.60250092,274,355,100,y,,,,0.249,128.733,,,389,483.6536614,574.1665897,752.772547,,5.5,7.102564103,13,,,0.387593919
436,Quebec,Joinville,46.29888916,-75.20277405,382,259,50.3,y,,,,0.086,61.404,,,344,402.3005212,789.9601009,722.1312058,,6.713146837,8.255319149,25,,,0.293652231
437,Quebec,Kempt,47.41584722,-74.27726667,426,18467,,y,,,,,,,,473,521.2902884,835.8691648,885.02437,,13.30021379,10.19767442,24,,,
438,Quebec,Kipawa,46.90611267,-78.99333191,278,30044,104,y,,,,0.084,76.272,,,567,475.6302637,1001.777926,933.0559773,,10.56808855,7.475935829,24,,,0.224395485
439,Quebec,Lamb,46.47888947,-77.24055481,288,629,40,y,,,,0.164,108.076,,,480,536.5673903,729.7929593,943.968115,,7.662454323,8.185929648,27,,,0.300125708
440,Quebec,Louise,45.76916504,-74.41889191,272,440,44,y,,,,0.136,106.216,,,489,496.9194971,863.1817124,842.4251271,,6.70501627,6.79245283,23,,,0.185365751
441,Quebec,Low Ball,51.68333435,-67.1333313,865,330,24,y,,,,0.06,63.48,,,,452.7851711,1165.183697,942.8769687,,,8.129032258,26,,,0.194769523
442,Quebec,Lynch,46.4113884,-77.09527588,279,1642,66,y,,,,,,,,498,474.6880008,770.8220998,843.5177286,,10.21257964,7.625,13,,,
443,Quebec,Manouane,47.5652771,-74.10694122,404,4869,90,y,,,,0.092,87.124,,,538,652.4001835,1044.291873,899.2186657,,9,11.13888889,23,,,0.185059124
444,Quebec,Marie-Le Franc,46.13608889,-74.99261944,250,668,79.6,y,,,,0.134,78.524,,,420,440.1872752,649.8429741,727.6039845,,9.612606647,8.368131868,23,,,0.299011449
445,Quebec,Marin,46.5363884,-78.8216629,273,401,,y,,,,0.117,78.624,,,473,438.3889703,744.0194116,758.242644,,11.27284547,7.785714286,20,,,0.24900447
447,Quebec,Maskinonge,46.31638718,-73.3841629,140,1018,46,y,,,,0.134,112.962,,,442,456.2851328,930.873369,869.7351894,,5.5,4.739130435,22,,,0.343593989
448,Quebec,Massawipi,45.21250153,-72.0008316,208,1792,30,y,,,,,,,,496,431.3095368,781.4307065,925.4165829,,8.037933405,5.435736677,29,,,
449,Quebec,Matapedia,48.55166626,-67.56361389,156,3807,42.5,y,,,,0.123,104.304,,,,471.1356425,936.3297765,1091.142512,,,5.580777096,26,,,0.205304851
450,Quebec,Matchi-Manitou,48.01444626,-77.04916382,335,3781,70,y,,,,0.074,81.104,,,625,562.4191262,1206.535166,1069.354543,,10.51317704,8.754385965,28,,,0.132182858
451,Quebec,Mc Fee,45.7136116,-75.62472534,222,93,,y,,,,0.153,71.451,,,300,369.2645579,519.2554781,683.8077861,,6.326754554,7.936170213,18,,,0.220574805
452,Quebec,Megantic,45.5,-70.8805542,378,2642,75,y,,,,0.11,96.25,,,498,488.4148713,965.7879284,931.9646807,,7.014127011,6.248618785,22,,,0.264126564
453,Quebec,Memewin,46.46861267,-78.6958313,267,899,,y,,,,0.077,61.754,,,436,493.6987881,886.116334,818.383609,,8.966729012,10.53409091,31,,,0.206704624
454,Quebec,Memphremagog,45.02972412,-72.24472046,178,9541,107,y,,,,0.156,142.896,,,517,583.727539,1010.500448,969.0603938,,4.600767031,5.362445415,16,,,0.309988355
455,Quebec,Missionnairre (Du),46.9416,-72.575425,165,426,61,y,,,,0.105,72.66,,,496,400.6092674,765.8999957,859.9047534,,11.88519837,7.012195122,26,,,0.197455111
456,Quebec,Mistassini,51.01300139,-73.5402,374,216400,183,y,-4.990656417,2.952499568,0.950717208,0.108662633,58.64168349,,52.64325968,453,500.5938214,564.3531161,865,-0.901159557,11.85223593,21.9158736,49,,,0.069034517
457,Quebec,Mondonac,47.39916611,-73.96527863,389.5,2313,32,y,,,,0.14,90.16,,,403,429.9723856,713.373737,938.5122339,,7,6.517482517,21,,,0.282702913
458,Quebec,Mont-Joie,46.27472305,-75.13833618,271,1204,62,y,,,,0.075,60.45,,,,434.2097898,890.4840311,1047.561317,,,8.535353535,27,,,0.182077882
459,Quebec,Nominingue,46.4319458,-74.98027802,253,2199,36,y,,,,0.219,164.25,,,,524.5141227,829.3125938,852.2579395,,,4.571428571,19,,,0.160582558
460,Quebec,Norman,51.9972229,-63.69555664,489,1577,,y,,,,,,,,394,419.1056506,568.1295229,733.0762758,,8.164960869,8.326797386,25,,,
461,Quebec,Ouareau,46.2816658,-74.14055634,387,1492,54,y,,,,,,,,,384.4995439,,725.4149317,,,5.225352113,9,,,
462,Quebec,Paul,46.74261389,-72.51218889,152,,,y,,,,,,,,,441.8169091,,688.1888666,,,8.466292135,18,,,
463,Quebec,Pemichangan,46.0605545,-75.85028076,178,1544,117.4,y,,,,,,,,398,495.3551191,724.6487448,900.3104242,,7.623295672,6.807692308,15,,,
464,Quebec,Pohenegamook,47.48888779,-69.26721954,202,894,41.09999847,y,,,,,,,,,465.5957949,,858.8124008,,,5.2,15,,,
465,Quebec,Rita,48.21583176,-73.39638519,541,179,31,y,,,,0.145,84.39,,,356,383.3395692,645.4589091,644.3628379,,5.821176647,6.102564103,17,,,0.330465115
466,Quebec,Roddick,46.25,-75.8833313,157,578,33,y,,,,,,,,,382.2872065,,873.0117083,,,4.714285714,9,,,
467,Quebec,Sables,46.03808333,-74.3043,377,293,23,y,,,,,,,,,435.0440351,,769.1814399,,,6.037037037,13,,,
468,Quebec,Sacacomie,46.51638794,-73.22528076,286,974,79,y,,,,0.141,90.522,,,485,399.8197077,711.1841715,754.9606421,,9.445775675,5.981818182,20,,,0.16652501
469,Quebec,Saint-Denis,46.25666809,-75.07499695,245,334,66.5,y,,,,0.13,69.55,,,,458.5217543,593.9190516,654.2266889,,,12.31428571,26,,,0.15274456
470,Quebec,Saint-Patrice,46.36555481,-77.33444214,286,2899,40,y,,,,0.18,116.46,,,486,545.6549211,716.6579361,993.0545052,,7.791896865,7.989274448,27,,,0.36746084
471,Quebec,Sault-Aux-Cochons,49.27555466,-69.96166992,424,901,,y,,,,0.073,67.89,,,,462.985325,1025.762722,916.6849319,,,7.862068966,16,,,0.309607999
472,Quebec,Serpent,46.15139008,-75.48083496,207.5,236,67,y,,,,,,,,,476.4323358,,798.7070655,,,7.1,15,,,
473,Quebec,Simon,45.9655571,-75.07971954,187,2849,117.4,y,,,,0.138,92.598,,,453,480.7548654,742.9251842,938.5122339,,8.027053407,7.718623482,30,,,0.242929317
474,Quebec,Souris (Des),46.58000183,-72.99416351,270,202,24,y,,,,0.055,60.5,,,394,444.9126566,1210.886967,893.7596374,,7.015527529,7.987654321,27,,,0.239177028
475,Quebec,Stubbs,46.09860992,-76.64861298,285,285,51.1345,y,,,,0.087,72.21,,,398,416.2664784,916.6849319,827.126934,,6.423957248,6.904761905,18,,,0.213226849
476,Quebec,Tee,46.78416824,-79.03833008,251,448,,y,,,,0.115,82.57,,,,395.5505585,794.3337257,708.9945262,,,5.68,12,,,0.276379548
477,Quebec,Temiscouata,47.7452774,-68.88972473,143,6682,73.09999847,y,,,,0.116,106.024,,,,553.3995354,1008.319902,971.2419647,,,6.64254386,25,,,0.2952732
478,Quebec,Touridi,47.68111038,-73.9944458,397,148,30,y,,,,0.071,73.769,,,,491.1147802,1144.501483,1025.762722,,,8.6,42,,,2.56E-02
479,Quebec,Tremblant,46.2480545,-74.63666534,305,945,91,y,,,,,,,,660,470.703916,800.2376674,881.7483821,,7.073905565,5.361179361,18,,,
480,Quebec,Trente et un Milles (Des),46.1875,-75.8077774,172,4973,87.8,y,,,,0.103,91.979,,,507,517.4738746,985.4207677,958.1516644,,7.769808201,6.964203233,26,,,0.291644326
481,Quebec,Vert,46.0533,-76.8794,154,176,,y,,,,0.129,74.691,,,,450.1517561,642.1706292,585.1411554,,,9.583333333,17,,,0.198350837
482,Quebec,Waconichi,50.1511116,-73.99972534,388,8184,106.2,y,,,,0.145,105.125,,,547,561.995634,801.9868842,936.3297765,,8.173323101,8.372916667,33,,,0.288098208
483,Saskatchewan,Amisk,54.54344167,-102.3016222,296,32100,,y,,,,,,,,,,,,,,,,,0.42,
23,Saskatchewan,Athabasca,59.40678167,-109.3509833,213,789964,124,y,,,,6.47E-02,70.00796904,,91.46350221,,,1082.436637,,-1.364990488,,,,,0.29,
216,Saskatchewan,Costigan,56.93028,-105.89273,543,,,y,-5.514,3.213,1.438105092,,,,,,,,,,,,,,,
484,Saskatchewan,Cree,57.48670833,-106.4677806,487,115200,60,y,,,,7.59E-02,91.43781671,,87.31905867,,,1205.335027,,-0.991312885,,,,,0.87,
485,Saskatchewan,La Ronge,55.03783056,-104.9061,357.5,142452,42.1,y,-6.165,3.415,1.127152205,0.107051983,116.633915,,132.0375779,430,,1089.507278,,-1.206766607,7,,,,0.49,
486,Saskatchewan,Little Bear,54.33299722,-104.5836833,620.5,,,y,,,,8.44E-02,89.45993383,,45.26226494,,,1060.52055,,-0.517064305,,,,,,
487,Saskatchewan,McKay,58.58922711,-107.1726458,87,,,y,,,,1.69E-01,140.3610065,,261.9756288,,,831.7580125,,-2.24167158,,,,,,
488,Saskatchewan,Reindeer,57.53796333,-102.2362367,336.4992,650087,219,y,,,,8.70E-02,77.74013005,,95.04836682,,,893.5515503,,-1.292682949,,,,,0.5,
489,Saskatchewan,Wollaston,58.23194722,-103.4592611,398,268100,97,y,,,,,,,,,,,,,,,,,0.77,
490,Tennessee,South Holston,36.32264444,-82.12208889,527,3068,75,n,-5.893,3.329,1.235580781,0.273302184,192.8405317,,168.3646957,,482,705.5945501,636,-0.997484687,,3.096153846,9,,,
491,Tennessee,Watauga,36.52329167,-82.28816111,597,2602,95,n,-5.502,3.19,1.281487322,0.202309387,162.469136,,151.1706249,,548,803.0726521,842,-1.030851327,,5.372781065,20,,,0.268
492,Utah,Bear,42.02893333,-111.33245,1806,28200,63,n,-5.846,3.31,1.223462646,0.12,115.2,,50.46517776,,567.1347693,960,850,-0.45,,7.717181345,25,0.320823565,,0.205466397
493,Wisconsin,Green,43.81968056,-88.99414444,242,2964,67.3608,n,-5.858660857,3.298961406,1.109524824,,,,,,,,,,,,,0.76,,
502,Wisconsin,Trout,46.03166389,-89.67491389,487,1608,36,y,,,,,,,,,,,,,,,,,,
503,Wyoming,Flaming Gorge,41.09136389,-109.5390472,1857,17004,122,n,-6.494850022,3.54,1.146842539,,,,,,,,,,,,,7.086567866,,0.35
504,Wyoming,Freemont,42.95166667,-109.8006583,2265,2061,185,n,-5.635,3.194,0.967186428,,,,,,,,,,,,,,,
505,Wyoming,Half Moon,42.92501389,-109.7265222,2319,430,85,n,-4.645,2.837,1.027963992,,,,,,,,,,,,,,,
506,Wyoming,Jackson,43.89228889,-110.6750778,2064,10340,134,n,-5.723,3.238,1.038161392,,,,,,,,,,,,,,,
507,Wyoming,Lower Green River,43.27334444,-109.8224111,2426,183,58,n,-5.748,3.24,0.992345293,,,,,,,,,,,,,,,
508,Wyoming,Middle Piney,42.59783611,-110.5737194,2696,,,n,-5.715,3.24,1.070687701,,,,,,,,,,,,,,,
509,Wyoming,New Fork,43.09596944,-109.9467389,2383,497,62,n,-6.134,3.395,1.069062669,,,,,,,,,,,,,,,
510,Wyoming,Willow,43.00236111,-109.8688167,2346,726,85,n,-4.79,2.904,1.11637189,,,,,,,,,,,,,,,
511,Wyoming,Yellowstone,44.4667,-110.3667,2357,34020,133,n,-5.2287607,3.0847277,1.249760614,0.139033,122.070974,1275,97.8931748,448,345.5806621,878,828,-0.850271,5.7375,,21,,0.895214286,0.333142857
512,Yukon,Aishihik,61.43333435,-137.25,1108,14758.2063,114,y,,,,0.102,76.908,,,510,581.3206596,833.683709,1014.861375,,12.0777031,12.7962963,30,,,0.160264668
513,Yukon,Bennett,60.08333206,-134.8666687,711,9680,123,y,,,,0.108,67.392,,,459,481.2111838,691.4744601,949.4236228,,13.43013757,11.87356322,32,,,0.189838298
514,Yukon,Canyon,61.12916565,-137.0124969,863,8700,14,y,,,,0.117,65.169,,,420,488.2481062,618.0504163,829.3125938,,13,12,31,,,0.13792525
515,Yukon,Frances,61.44935833,-129.3971306,896,9941,93,y,,,,0.11,74.03,,,442,537.8599353,745.1136199,945.0592464,,10.41684837,12.4375,37,,,0.159253183
516,Yukon,Kluane,61.25,-138.7166595,760,39275,91,y,,,,0.153,91.494,,,506,548.6004936,662.9930779,1036.662698,,13.37876657,14.53164557,39,,,0.135296134
517,Yukon,Kusawa,60.33333206,-136.3666687,686,14200,140,y,,,,0.104,67.912,,,357,516.7743272,723.2258007,971.2419647,,6.912787617,13.1875,40,,,0.121148859
518,Yukon,Laberge,61.18333435,-135.1999969,714,20100,146,y,,,,0.191,107.151,,,438,526.6245709,622.4367261,942.8769687,,9.256371574,11.16304348,39,,,0.159378714
519,Yukon,Marsh,60.45000076,-134.3000031,703,9630,,y,,,,0.205,117.875,,,472,579.0223072,637.7859457,689.284085,,6.037052985,15.03030303,33,,,9.69E-02
520,Yukon,Quiet,61.08000183,-133.0800018,822,3780,170,y,,,,0.105,69.93,,,443,548.3834765,737.4537606,1019.222079,,10.86419354,14.25773196,41,,,0.138415051
521,Yukon,Sekulmun,61.43000031,-137.5500031,998,4930,53,y,,,,0.098,73.304,,,480,571.6875095,827.126934,982.1489518,,10.10888744,13.5862069,34,,,0.121096036
522,Yukon,Tagish,59.79999924,-134.2299957,683,33166,,y,,,,0.176,98.032,,,424,523.8835514,618.0504163,1069.354543,,8.193831392,12.68965517,34,,,0.126787445
523,Yukon,Tatlamain,62.61700058,-135.9170074,545,3381,,y,,,,0.095,77.235,,,,809.426626,898.1268915,979.9676696,,,27.83333333,49,,,0.051223321
524,Yukon,Teslin,60.22731389,-132.9044083,1784,35400,214,y,,,,0.141,92.778,,,428,601.7461196,728.6984816,1067.175459,,10.67335823,16.61538462,42,,,7.49E-02
